{
    "program_id": "131",
    "solution": "def reverse_vowels(str1):\r\n\tvowels = \"\"\r\n\tfor char in str1:\r\n\t\tif char in \"aeiouAEIOU\":\r\n\t\t\tvowels += char\r\n\tresult_string = \"\"\r\n\tfor char in str1:\r\n\t\tif char in \"aeiouAEIOU\":\r\n\t\t\tresult_string += vowels[-1]\r\n\t\t\tvowels = vowels[:-1]\r\n\t\telse:\r\n\t\t\tresult_string += char\r\n\treturn result_string",
    "test_case": "assert reverse_vowels(\"Python\") == \"Python\"\nassert reverse_vowels(\"USA\") == \"ASU\"\nassert reverse_vowels(\"ab\") == \"ab\""
}