{
    "program_id": "175",
    "solution": "def is_valid_parenthese( str1):\r\n        stack, pchar = [], {\"(\": \")\", \"{\": \"}\", \"[\": \"]\"}\r\n        for parenthese in str1:\r\n            if parenthese in pchar:\r\n                stack.append(parenthese)\r\n            elif len(stack) == 0 or pchar[stack.pop()] != parenthese:\r\n                return False\r\n        return len(stack) == 0",
    "test_case": "assert is_valid_parenthese(\"(){}[]\")==True\nassert is_valid_parenthese(\"()[{)}\")==False\nassert is_valid_parenthese(\"()\")==True"
}